{"water":7.159135620849873,"wind":13.60185158359365}